,Conference,AutoVis,Other,Total,AutoVisPct
0,Vis,42,1,43,0.9767441860465116
1,VAST,17,2,19,0.8947368421052632
2,InfoVis,12,0,12,1.0
3,SciVis,3,0,3,1.0
